TAIR ID,TF Family,p-value,adjusted p-value
AT5G47390,MYB,1.90E-14,1.16E-11
AT1G19000,MYB,1.19E-13,3.61E-11
AT4G00250,GeBP,1.09E-11,2.21E-09
AT5G61620,MYB,1.69E-11,2.57E-09
AT1G74840,MYB,2.91E-11,3.53E-09
AT5G56840,MYB,6.50E-11,6.39E-09
AT1G19000,MYB,7.36E-11,6.39E-09
AT5G08520,MYB,2.68E-10,2.04E-08
AT3G10580,MYB,7.91E-10,5.34E-08
AT2G46270,bZIP,1.11E-09,6.74E-08
AT3G62420,bZIP,4.25E-09,2.35E-07
AT1G49010,MYB,6.65E-09,3.37E-07
AT2G18160,bZIP,8.74E-09,4.09E-07
AT5G58900,MYB,9.50E-09,4.12E-07
AT5G56840,MYB,2.40E-08,9.74E-07
AT4G34590,bZIP,4.81E-08,1.73E-06
AT5G66700,HD-ZIP,4.85E-08,1.73E-06
AT5G08520,MYB,7.32E-08,2.47E-06
AT5G03790,HD-ZIP,1.04E-07,3.34E-06
AT2G18160,bZIP,1.28E-07,3.90E-06
AT5G15830,bZIP,1.79E-07,5.19E-06
AT3G01220,HD-ZIP,2.52E-07,6.97E-06
AT1G32150,bZIP,4.84E-07,1.27E-05
AT2G04038,bZIP,5.03E-07,1.27E-05
AT5G61620,MYB,6.03E-07,1.47E-05
AT2G18550,HD-ZIP,8.62E-07,2.02E-05
AT5G65310,HD-ZIP,1.13E-06,2.54E-05
AT1G70920,HD-ZIP,1.65E-06,3.59E-05
AT3G13810,C2H2(Zn),2.48E-06,5.20E-05
AT3G62420,bZIP,4.33E-06,8.78E-05
AT4G36740,HD-ZIP,8.38E-06,0.000164376
AT5G66700,HD-ZIP,9.22E-06,0.000175095
AT2G35530,bZIP,1.09E-05,0.000200459
AT1G69010,bHLH,1.78E-05,0.000318325
AT4G34590,bZIP,2.03E-05,0.000352427
AT3G10800,bZIP,2.49E-05,0.000421339
AT2G18550,HD-ZIP,3.35E-05,0.000550468
AT4G36740,HD-ZIP,3.53E-05,0.000564246
AT1G49010,MYB,3.99E-05,0.000622673
AT4G32730,MYB,5.08E-05,0.000772175
AT5G66730,C2H2(Zn),6.17E-05,0.000915552
AT2G36270,bZIP,8.24E-05,0.001192981
AT1G74840,MYB,9.78E-05,0.001377835
AT3G56850,bZIP,9.97E-05,0.001377835
AT5G06839,bZIP,0.000144806,0.001935214
AT5G03790,HD-ZIP,0.000146414,0.001935214
AT2G04038,bZIP,0.000150801,0.001950782
AT3G12250,bZIP,0.000243878,0.003089122
AT1G45249,bZIP,0.000405889,0.005036337
AT2G42280,bHLH,0.000692459,0.008420303
AT1G75240,ZF-HD,0.000726424,0.00866011
AT3G11280,MYB,0.000824529,0.009640642
AT1G14687,ZF-HD,0.000840823,0.009645668
AT5G03150,C2H2(Zn),0.000914712,0.010298983
AT1G72010,TCP,0.001008042,0.01114345
AT2G35530,bZIP,0.001105992,0.012007912
AT3G56850,bZIP,0.001251759,0.013352093
AT2G02070,C2H2(Zn),0.001402834,0.014705574
AT1G03840,C2H2(Zn),0.001439595,0.014835145
AT2G36270,bZIP,0.001498182,0.015181574
AT1G69780,HD-ZIP,0.001525365,0.015203639
AT5G65310,HD-ZIP,0.001558841,0.015286702
AT1G69010,bHLH,0.001627855,0.015710096
AT1G75240,ZF-HD,0.001793612,0.016938821
AT5G65410,ZF-HD,0.001810894,0.016938821
AT5G65410,ZF-HD,0.00211538,0.019487135
AT2G18350,ZF-HD,0.002463666,0.022356853
AT5G39760,ZF-HD,0.002825043,0.025259205
AT5G45300,BZR1/BES1,0.002886043,0.025430641
AT3G50700,C2H2(Zn),0.003749359,0.032565859
AT1G66420,GeBP,0.005528818,0.047345369
AT2G02080,C2H2(Zn),0.005843914,0.049348608
AT5G01380,Trihelix,0.006654608,0.055424683
AT5G65210,bZIP,0.007901507,0.064920488
AT2G46270,bZIP,0.008903865,0.072180664
AT1G08320,bZIP,0.009537706,0.07630165
AT3G61150,HD-ZIP,0.009814068,0.077492901
AT1G06850,bZIP,0.010065835,0.078461894
AT2G40620,bZIP,0.011093112,0.08537484
AT1G72010,TCP,0.011393138,0.08658785
AT5G10030,bZIP,0.011648555,0.087436067
AT1G06850,bZIP,0.012124369,0.089897759
AT2G17950,WOX,0.013430286,0.098380891
AT3G04070,NAC,0.015263481,0.110478531
AT4G00730,HD-ZIP,0.015962392,0.114178049
AT4G24020,RWP-RK,0.016197656,0.114513661
AT3G57920,SPL/SBP,0.017287566,0.120814258
AT1G49480,B3-domain,0.018023934,0.124528996
AT3G28920,ZF-HD,0.018695902,0.127720319
AT1G52880,NAC,0.019688327,0.133005588
AT4G32730,MYB,0.023457507,0.15672708
AT5G08330,TCP,0.024449828,0.161581469
AT5G08130,bHLH,0.027708171,0.181145892
AT2G01940,C2H2(Zn),0.029601502,0.191465033
AT3G26790,B3-domain,0.029991319,0.191944444
AT3G28920,ZF-HD,0.030498175,0.193155107
AT3G04030,GARP,0.032063463,0.200186959
AT1G70920,HD-ZIP,0.032266977,0.200186959
AT2G40620,bZIP,0.033165463,0.203376196
AT1G14580,C2H2(Zn),0.033450032,0.203376196
AT3G04030,GARP,0.034832092,0.209682296
AT1G51140,bHLH,0.036233857,0.215982207
AT5G45300,BZR1/BES1,0.037293366,0.22013948
AT1G53230,TCP,0.038218331,0.223430244
AT1G30490,HD-ZIP,0.038936805,0.224491093
AT2G42200,SPL/SBP,0.03913825,0.224491093
AT2G20400,GARP,0.039736713,0.22453092
AT1G01720,NAC,0.040392124,0.22453092
AT4G18890,BZR1/BES1,0.040392124,0.22453092
AT1G34370,C2H2(Zn),0.04062237,0.22453092
AT4G37260,MYB,0.041911763,0.229570739
AT1G29160,C2C2(Zn),0.042474131,0.230573857
AT5G58850,MYB,0.043668691,0.234960743
AT5G39760,ZF-HD,0.044921065,0.239579014
AT3G23240,AP2/ERF,0.047054393,0.246545901
AT1G69570,C2C2(Zn),0.04763012,0.246545901
AT4G26030,C2H2(Zn),0.047752965,0.246545901
AT5G58850,MYB,0.047849369,0.246545901
AT2G23290,MYB,0.049343408,0.25016562
AT5G66940,C2C2(Zn),0.049374793,0.25016562
AT3G22760,CPP,0.050225013,0.251134931
AT3G45150,TCP,0.050392207,0.251134931
AT3G12250,bZIP,0.051082668,0.252506197
AT1G69570,C2C2(Zn),0.053832788,0.263954313
AT1G43700,bZIP,0.055053378,0.267779628
AT3G02940,MYB,0.057334288,0.276660691
AT1G75080,BZR1/BES1,0.058262094,0.278924039
AT5G47370,HD-ZIP,0.063308325,0.300714542
AT1G59640,bHLH,0.064818029,0.305498929
AT4G36780,BZR1/BES1,0.066527015,0.311141732
AT5G10030,bZIP,0.067561219,0.313566574
AT5G47660,Trihelix,0.068347683,0.314813569
AT5G29000,GARP,0.069216062,0.315471993
AT1G24250,PAH2,0.069528367,0.315471993
AT5G62940,C2C2(Zn),0.071210281,0.319012271
AT1G74650,MYB,0.071358008,0.319012271
AT1G69490,NAC,0.073482129,0.32057572
AT5G23280,TCP,0.073792937,0.32057572
AT3G21890,C2C2(Zn),0.073815772,0.32057572
AT1G33240,Trihelix,0.073816778,0.32057572
AT1G35460,bHLH,0.07632977,0.329138299
AT1G77920,bZIP,0.077387083,0.331347512
AT1G27730,C2H2(Zn),0.078135131,0.332210906
AT3G27785,MYB,0.083889952,0.354202018
AT4G14770,CPP,0.087699442,0.366606177
AT5G08130,bHLH,0.08803372,0.366606177
AT1G33240,Trihelix,0.089728889,0.371123569
AT3G01530,MYB,0.092972635,0.381941635
AT4G18770,MYB,0.098642359,0.402513785
AT5G06960,bZIP,0.099768576,0.403586888
AT5G11260,bZIP,0.100232928,0.403586888
AT3G27010,TCP,0.102468693,0.409874773
AT1G08320,bZIP,0.103836649,0.412631914
AT1G52880,NAC,0.10515847,0.415171103
AT1G69490,NAC,0.107671094,0.422348551
AT4G01680,MYB,0.115840227,0.45147986
AT1G13260,AP2/B3-like,0.118359157,0.45835903
AT3G50060,MYB,0.123155254,0.473913888
AT2G38090,MYB,0.129136527,0.493805083
AT2G30340,LBD,0.130132877,0.494504933
AT2G45410,LBD,0.131516311,0.49665787
AT5G45580,GARP,0.139861071,0.524910687
AT1G76110,ARID,0.141977026,0.529583016
AT5G47220,AP2/ERF,0.147926201,0.548315161
AT1G69690,TCP,0.148802634,0.548315161
AT5G45580,GARP,0.152315081,0.557876922
AT5G50670,SPL/SBP,0.154168447,0.561283927
AT2G46590,C2C2(Zn),0.1579597,0.571663675
AT3G08500,MYB,0.160355294,0.576899519
AT4G21030,C2C2(Zn),0.163637398,0.585244339
AT5G18270,NAC,0.165672018,0.587982452
AT1G69690,TCP,0.166337141,0.587982452
AT5G17800,MYB,0.167383006,0.588259352
AT5G66940,C2C2(Zn),0.169689508,0.59293805
AT3G55370,C2C2(Zn),0.173145849,0.60155815
AT5G56930,C3H(Zn),0.177392805,0.612811508
AT5G46830,bHLH,0.180468465,0.619914277
AT1G13260,AP2/B3-like,0.181784358,0.619959401
AT4G04890,HD-ZIP,0.184024963,0.619959401
AT5G08330,TCP,0.185648078,0.619959401
AT5G13790,MADS,0.185648078,0.619959401
AT1G01250,AP2/ERF,0.18613249,0.619959401
AT4G38000,C2C2(Zn),0.186599622,0.619959401
AT3G27010,TCP,0.19046608,0.629366179
AT3G20770,EIL,0.193241049,0.633208674
AT5G60850,C2C2(Zn),0.193711864,0.633208674
AT3G24520,HSF,0.197835351,0.643229378
AT1G06180,MYB,0.201077816,0.650294215
AT1G64620,C2C2(Zn),0.202405054,0.651123137
AT2G37590,C2C2(Zn),0.203490772,0.651170471
AT2G47070,SPL/SBP,0.206311595,0.656740575
AT5G06839,bZIP,0.207905128,0.658366239
AT4G05100,MYB,0.212651707,0.669907969
AT5G56110,MYB,0.215650403,0.670983622
AT1G53230,TCP,0.21569951,0.670983622
AT1G78700,BZR1/BES1,0.216303931,0.670983622
AT1G76890,Trihelix,0.218196189,0.673417679
AT3G15270,SPL/SBP,0.223912341,0.686401548
AT2G20110,CPP,0.224661033,0.686401548
AT5G02320,MYB,0.230247976,0.69807265
AT4G33280,AP2/B3-like,0.230777307,0.69807265
AT2G01060,GARP,0.233776584,0.703644373
AT3G09735,S1Fa-like,0.239467292,0.717222234
AT3G24120,GARP,0.244246316,0.727949806
AT1G16490,MYB,0.248231138,0.73621723
AT3G45610,C2C2(Zn),0.252292823,0.744631245
AT1G36060,AP2/ERF,0.257975809,0.757726049
AT1G75490,AP2/ERF,0.27326592,0.796108443
AT5G09410,CAMTA,0.274097766,0.796108443
AT1G19210,AP2/ERF,0.274971666,0.796108443
AT3G53200,MYB,0.290033593,0.835736608
AT1G76420,NAC,0.297255088,0.84239641
AT5G13790,MADS,0.29750598,0.84239641
AT1G09540,MYB,0.297836482,0.84239641
AT3G02940,MYB,0.298786759,0.84239641
AT3G02150,TCP,0.300113697,0.84239641
AT5G02460,C2C2(Zn),0.300657929,0.84239641
AT2G20400,GARP,0.30554303,0.852156708
AT2G01060,GARP,0.309646912,0.859659006
AT1G64620,C2C2(Zn),0.313642963,0.864417365
AT3G15270,SPL/SBP,0.314204338,0.864417365
AT2G45680,TCP,0.31616661,0.865897744
AT1G06280,LBD,0.326662548,0.887518518
AT3G52440,C2C2(Zn),0.326980507,0.887518518
AT3G22760,CPP,0.330792508,0.891747338
AT1G76880,Trihelix,0.331471872,0.891747338
AT5G67300,MYB,0.33679856,0.901736076
AT4G30080,B3-domain,0.338151029,0.901736076
AT3G28910,MYB,0.343439148,0.911838436
AT1G46768,AP2/ERF,0.346193819,0.915155835
AT1G21910,AP2/ERF,0.351811967,0.92598128
AT5G13180,NAC,0.364660137,0.955661048
AT5G13180,NAC,0.370259628,0.966171047
AT5G65210,bZIP,0.372951085,0.969035298
AT5G47370,HD-ZIP,0.374847598,0.969818466
AT2G40260,GARP,0.377213209,0.970318753
AT1G06180,MYB,0.378232803,0.970318753
AT3G55370,C2C2(Zn),0.381961798,0.975767954
AT5G39610,NAC,0.384339001,0.977732689
AT1G03800,AP2/ERF,0.394080821,0.99833808
AT2G38340,AP2/ERF,0.397816789,1
AT5G52830,WRKY,0.406082091,1
AT2G42200,SPL/SBP,0.408704653,1
AT4G21080,C2C2(Zn),0.4161365,1
AT2G47070,SPL/SBP,0.425531902,1
AT1G44830,AP2/ERF,0.426328338,1
AT2G28810,C2C2(Zn),0.430298376,1
AT2G01940,C2H2(Zn),0.440198839,1
AT5G17800,MYB,0.443507805,1
AT3G48160,E2F-DP,0.44420524,1
AT1G20910,ARID,0.451818232,1
AT5G54230,MYB,0.452094983,1
AT2G46770,NAC,0.457283574,1
AT2G40260,GARP,0.462215008,1
AT1G79580,NAC,0.463859659,1
AT3G10030,Trihelix,0.469834365,1
AT4G01250,WRKY,0.480995857,1
AT3G22830,HSF,0.490101464,1
AT3G10030,Trihelix,0.492181559,1
AT2G37590,C2C2(Zn),0.492908475,1
AT3G20770,EIL,0.493683064,1
AT4G37180,GARP,0.496435979,1
AT5G08750,C3H(Zn),0.497940464,1
AT3G56400,WRKY,0.501560483,1
AT5G39820,NAC,0.505078253,1
AT2G22540,MADS,0.506121848,1
AT4G01540,NAC,0.507294813,1
AT2G38300,GARP,0.509720866,1
AT3G12130,C3H(Zn),0.510496234,1
AT3G04060,NAC,0.513354667,1
AT2G26960,MYB,0.514281378,1
AT1G16490,MYB,0.542569038,1
AT3G47500,C2C2(Zn),0.54722434,1
AT4G10350,NAC,0.552692047,1
AT3G01470,HD-ZIP,0.555147128,1
AT5G63260,C3H(Zn),0.558848605,1
AT4G37180,GARP,0.559413573,1
AT5G39610,NAC,0.571475614,1
AT5G10280,MYB,0.574024012,1
AT4G14770,CPP,0.578382142,1
AT4G23550,WRKY,0.578499267,1
AT2G18350,ZF-HD,0.586354532,1
AT4G38000,C2C2(Zn),0.590337922,1
AT1G19850,B3-domain,0.598136999,1
AT3G24520,HSF,0.598395584,1
AT2G26960,MYB,0.600089309,1
AT3G23220,AP2/ERF,0.611469091,1
AT5G54230,MYB,0.611764322,1
AT4G36620,C2C2(Zn),0.614234619,1
AT5G06950,bZIP,0.626788627,1
AT5G62320,MYB,0.627337475,1
AT3G48160,E2F-DP,0.632964546,1
AT3G42860,CCHC(Zn),0.636128813,1
AT5G16820,HSF,0.63626185,1
AT3G08500,MYB,0.64090039,1
AT1G68320,MYB,0.64886909,1
AT3G18990,B3-domain,0.657463337,1
AT2G45420,LBD,0.665850811,1
AT5G53950,NAC,0.678019894,1
AT1G68200,C3H(Zn),0.692958697,1
AT2G33550,Trihelix,0.717534481,1
AT2G23340,AP2/ERF,0.721225143,1
AT1G76890,Trihelix,0.723980228,1
AT4G36160,NAC,0.729762607,1
AT2G38340,AP2/ERF,0.733413124,1
AT5G14960,E2F-DP,0.736046275,1
AT5G63260,C3H(Zn),0.736774828,1
AT1G50640,AP2/ERF,0.73937682,1
AT1G25340,MYB,0.743689913,1
AT1G43160,AP2/ERF,0.744846628,1
AT1G43160,AP2/ERF,0.746072638,1
AT3G46590,MYB,0.749842943,1
AT5G06100,MYB,0.756532001,1
AT4G21040,C2C2(Zn),0.758680746,1
AT4G38170,FRS-FRF,0.759625507,1
AT5G11510,MYB,0.77652716,1
AT5G56110,MYB,0.778344946,1
AT1G34190,NAC,0.78073569,1
AT1G34670,MYB,0.782242597,1
AT2G15740,C2H2(Zn),0.78564581,1
AT2G28810,C2C2(Zn),0.786376055,1
AT2G45680,TCP,0.789219889,1
AT3G04070,NAC,0.796539772,1
AT1G30210,TCP,0.802298503,1
AT5G10140,MADS,0.815935536,1
AT1G25550,GARP,0.822133536,1
AT5G62020,HSF,0.825491361,1
AT4G11660,HSF,0.828422729,1
AT4G18890,BZR1/BES1,0.828537793,1
AT1G20980,SPL/SBP,0.832071343,1
AT1G47655,C2C2(Zn),0.844810951,1
AT5G14960,E2F-DP,0.849820192,1
AT5G62380,NAC,0.85253166,1
AT3G12730,GARP,0.855317875,1
AT1G79580,NAC,0.86089944,1
AT4G01280,MYB,0.861769069,1
AT1G18330,MYB,0.863283222,1
AT4G36160,NAC,0.868083039,1
AT2G01930,BBR/BPC,0.874416425,1
AT2G18380,C2C2(Zn),0.875114159,1
AT1G28160,AP2/ERF,0.875135404,1
AT4G31060,AP2/ERF,0.876685406,1
AT5G07680,NAC,0.879725722,1
AT1G36060,AP2/ERF,0.88903941,1
AT3G21175,C2C2(Zn),0.89039336,1
AT5G65510,AP2/ERF,0.894775732,1
AT3G47500,C2C2(Zn),0.902908082,1
AT4G01500,AP2/B3-like,0.903347755,1
AT4G26640,WRKY,0.911946352,1
AT3G60530,C2C2(Zn),0.912379888,1
AT2G02820,MYB,0.920554802,1
AT1G28470,NAC,0.921884156,1
AT5G17300,MYB,0.922278181,1
AT1G31140,MADS,0.93659487,1
AT3G18400,NAC,0.956748085,1
AT2G23320,WRKY,0.960862305,1
AT3G18400,NAC,1,1
AT2G22540,MADS,1,1
AT5G13910,AP2/ERF,1,1
AT1G01060,MYB,1,1
AT1G01060,MYB,1,1
AT1G02230,NAC,1,1
AT1G02230,NAC,1,1
AT1G02250,NAC,1,1
AT1G04880,ARID,1,1
AT1G09540,MYB,1,1
AT1G12260,NAC,1,1
AT1G12260,NAC,1,1
AT1G12610,AP2/ERF,1,1
AT1G12630,AP2/ERF,1,1
AT1G12630,AP2/ERF,1,1
AT1G18330,MYB,1,1
AT1G19040,NAC,1,1
AT1G19210,AP2/ERF,1,1
AT1G19790,SRS,1,1
AT1G22070,bZIP,1,1
AT1G22810,AP2/ERF,1,1
AT1G22810,AP2/ERF,1,1
AT1G25550,GARP,1,1
AT1G27730,C2H2(Zn),1,1
AT1G28160,AP2/ERF,1,1
AT1G28370,AP2/ERF,1,1
AT1G28370,AP2/ERF,1,1
AT1G28470,NAC,1,1
AT1G29280,WRKY,1,1
AT1G29280,WRKY,1,1
AT1G29860,WRKY,1,1
AT1G30650,WRKY,1,1
AT1G30650,WRKY,1,1
AT1G32870,NAC,1,1
AT1G34180,NAC,1,1
AT1G34180,NAC,1,1
AT1G34190,NAC,1,1
AT1G34670,MYB,1,1
AT1G46768,AP2/ERF,1,1
AT1G47655,C2C2(Zn),1,1
AT1G49560,GARP,1,1
AT1G49560,GARP,1,1
AT1G50640,AP2/ERF,1,1
AT1G51220,C2H2(Zn),1,1
AT1G51220,C2H2(Zn),1,1
AT1G52150,HD-ZIP,1,1
AT1G53170,AP2/ERF,1,1
AT1G53170,AP2/ERF,1,1
AT1G53910,AP2/ERF,1,1
AT1G54330,NAC,1,1
AT1G62300,WRKY,1,1
AT1G62300,WRKY,1,1
AT1G63030,AP2/ERF,1,1
AT1G65910,NAC,1,1
AT1G68550,AP2/ERF,1,1
AT1G68670,GARP,1,1
AT1G68670,GARP,1,1
AT1G69560,MYB,1,1
AT1G71450,AP2/ERF,1,1
AT1G72740,MYB,1,1
AT1G72740,MYB,1,1
AT1G74480,RWP-RK,1,1
AT1G74480,RWP-RK,1,1
AT1G76420,NAC,1,1
AT1G77200,AP2/ERF,1,1
AT1G77200,AP2/ERF,1,1
AT1G77920,bZIP,1,1
AT1G79180,MYB,1,1
AT1G80840,WRKY,1,1
AT2G01930,BBR/BPC,1,1
AT2G02450,NAC,1,1
AT2G02820,MYB,1,1
AT2G03340,WRKY,1,1
AT2G03500,GARP,1,1
AT2G06200,GRF,1,1
AT2G15660,MADS,1,1
AT2G17410,ARID,1,1
AT2G18060,NAC,1,1
AT2G20110,CPP,1,1
AT2G23320,WRKY,1,1
AT2G23340,AP2/ERF,1,1
AT2G24430,NAC,1,1
AT2G27300,NAC,1,1
AT2G30250,WRKY,1,1
AT2G30250,WRKY,1,1
AT2G30590,WRKY,1,1
AT2G31220,bHLH,1,1
AT2G31220,bHLH,1,1
AT2G31230,AP2/ERF,1,1
AT2G31230,AP2/ERF,1,1
AT2G32460,MYB,1,1
AT2G32460,MYB,1,1
AT2G33710,AP2/ERF,1,1
AT2G33710,AP2/ERF,1,1
AT2G33810,SPL/SBP,1,1
AT2G35700,AP2/ERF,1,1
AT2G36010,E2F-DP,1,1
AT2G36010,E2F-DP,1,1
AT2G38470,WRKY,1,1
AT2G40740,WRKY,1,1
AT2G41690,HSF,1,1
AT2G42430,LBD,1,1
AT2G43000,NAC,1,1
AT2G44840,AP2/ERF,1,1
AT2G44940,AP2/ERF,1,1
AT2G45410,LBD,1,1
AT2G45420,LBD,1,1
AT2G45480,GRF,1,1
AT2G46130,WRKY,1,1
AT2G46770,NAC,1,1
AT3G01530,MYB,1,1
AT3G01970,WRKY,1,1
AT3G01970,WRKY,1,1
AT3G03200,NAC,1,1
AT3G03200,NAC,1,1
AT3G04060,NAC,1,1
AT3G06490,MYB,1,1
AT3G09600,MYB,1,1
AT3G10113,MYB,1,1
AT3G10480,NAC,1,1
AT3G10480,NAC,1,1
AT3G10500,NAC,1,1
AT3G10500,NAC,1,1
AT3G11440,MYB,1,1
AT3G11440,MYB,1,1
AT3G12720,MYB,1,1
AT3G14180,Trihelix,1,1
AT3G15170,NAC,1,1
AT3G15210,AP2/ERF,1,1
AT3G15210,AP2/ERF,1,1
AT3G16280,AP2/ERF,1,1
AT3G17730,NAC,1,1
AT3G17730,NAC,1,1
AT3G20310,AP2/ERF,1,1
AT3G20310,AP2/ERF,1,1
AT3G22830,HSF,1,1
AT3G24050,C2C2(Zn),1,1
AT3G24120,GARP,1,1
AT3G25990,Trihelix,1,1
AT3G26620,LBD,1,1
AT3G26620,LBD,1,1
AT3G46590,MYB,1,1
AT3G49530,NAC,1,1
AT3G49530,NAC,1,1
AT3G50260,AP2/ERF,1,1
AT3G50260,AP2/ERF,1,1
AT3G50410,C2C2(Zn),1,1
AT3G52440,C2C2(Zn),1,1
AT3G53200,MYB,1,1
AT3G60490,AP2/ERF,1,1
AT4G01250,WRKY,1,1
AT4G01280,MYB,1,1
AT4G01540,NAC,1,1
AT4G01550,NAC,1,1
AT4G01720,WRKY,1,1
AT4G06746,AP2/ERF,1,1
AT4G10350,NAC,1,1
AT4G11660,HSF,1,1
AT4G15090,FRS-FRF,1,1
AT4G16150,CAMTA,1,1
AT4G16750,AP2/ERF,1,1
AT4G17980,NAC,1,1
AT4G17980,NAC,1,1
AT4G18170,WRKY,1,1
AT4G18450,AP2/ERF,1,1
AT4G18880,HSF,1,1
AT4G21040,C2C2(Zn),1,1
AT4G22070,WRKY,1,1
AT4G23550,WRKY,1,1
AT4G24240,WRKY,1,1
AT4G25470,AP2/ERF,1,1
AT4G25470,AP2/ERF,1,1
AT4G25480,AP2/ERF,1,1
AT4G25480,AP2/ERF,1,1
AT4G25490,AP2/ERF,1,1
AT4G25490,AP2/ERF,1,1
AT4G27950,AP2/ERF,1,1
AT4G28500,NAC,1,1
AT4G28500,NAC,1,1
AT4G29230,NAC,1,1
AT4G31060,AP2/ERF,1,1
AT4G31550,Trihelix,1,1
AT4G31800,WRKY,1,1
AT4G31800,WRKY,1,1
AT4G32800,AP2/ERF,1,1
AT4G32800,AP2/ERF,1,1
AT4G34410,AP2/ERF,1,1
AT4G34410,AP2/ERF,1,1
AT4G38170,FRS-FRF,1,1
AT5G02840,MYB,1,1
AT5G02840,MYB,1,1
AT5G04390,C2H2(Zn),1,1
AT5G04410,NAC,1,1
AT5G04410,NAC,1,1
AT5G05550,Trihelix,1,1
AT5G05550,Trihelix,1,1
AT5G06950,bZIP,1,1
AT5G07310,AP2/ERF,1,1
AT5G07310,AP2/ERF,1,1
AT5G10510,AP2/ERF,1,1
AT5G13080,WRKY,1,1
AT5G13080,WRKY,1,1
AT5G16820,HSF,1,1
AT5G17300,MYB,1,1
AT5G18270,NAC,1,1
AT5G18560,AP2/ERF,1,1
AT5G18560,AP2/ERF,1,1
AT5G19790,AP2/ERF,1,1
AT5G19790,AP2/ERF,1,1
AT5G23930,mTERF,1,1
AT5G24110,WRKY,1,1
AT5G25190,AP2/ERF,1,1
AT5G25190,AP2/ERF,1,1
AT5G25810,AP2/ERF,1,1
AT5G26170,WRKY,1,1
AT5G26170,WRKY,1,1
AT5G41570,WRKY,1,1
AT5G41570,WRKY,1,1
AT5G43840,HSF,1,1
AT5G46350,WRKY,1,1
AT5G46350,WRKY,1,1
AT5G46590,NAC,1,1
AT5G46590,NAC,1,1
AT5G47220,AP2/ERF,1,1
AT5G47230,AP2/ERF,1,1
AT5G51190,AP2/ERF,1,1
AT5G51190,AP2/ERF,1,1
AT5G51990,AP2/ERF,1,1
AT5G51990,AP2/ERF,1,1
AT5G52020,AP2/ERF,1,1
AT5G52020,AP2/ERF,1,1
AT5G52660,MYB,1,1
AT5G52660,MYB,1,1
AT5G52830,WRKY,1,1
AT5G53950,NAC,1,1
AT5G59430,MYB,1,1
AT5G60130,B3-domain,1,1
AT5G62380,NAC,1,1
AT5G62470,MYB,1,1
AT5G63090,LBD,1,1
AT5G64060,NAC,1,1
AT5G64060,NAC,1,1
AT5G64750,AP2/ERF,1,1
AT5G64750,AP2/ERF,1,1
AT5G65510,AP2/ERF,1,1
AT5G66300,NAC,1,1
AT5G66300,NAC,1,1
AT5G67190,AP2/ERF,1,1
AT5G67190,AP2/ERF,1,1
AT5G67300,MYB,1,1
AT5G67450,C2H2(Zn),1,1
AT5G67580,MYB,1,1
