TF Name,TAIR ID,TF Family,p_value,adjusted p_value
TCP20_colamp,AT3G27010,TCP,0.000225469,0.086551205
TCP9_colamp,AT2G45680,TCP,0.000284708,0.086551205
AT5G56840,AT5G56840,MYB,0.000909145,0.18425329
TCP21_colamp,AT5G08330,TCP,0.001435363,0.218175252
TCP15_colamp,AT1G69690,TCP,0.00204331,0.248466539
TCP15,AT1G69690,TCP,0.00491433,0.497985394
IDD4,AT2G02080,C2H2(Zn),0.005901595,0.512595651
CUC3,AT1G76420,NAC,0.008574129,0.537664119
IDD11_colamp,AT3G13810,C2H2(Zn),0.010784533,0.537664119
TCP9,AT2G45680,TCP,0.011501529,0.537664119
AT5G61620_colamp,AT5G61620,MYB,0.011687532,0.537664119
TCP3_colamp,AT1G53230,TCP,0.012241279,0.537664119
HB18_colamp,AT1G70920,HD-ZIP,0.012278952,0.537664119
JKD,AT5G03150,C2H2(Zn),0.012380424,0.537664119
GGS1,AT3G11280,MYB,0.015287474,0.59699348
CUC3_colamp,AT1G76420,NAC,0.016060354,0.59699348
TCP7,AT5G23280,TCP,0.016692252,0.59699348
GBF3_colamp,AT2G46270,bZIP,0.019839891,0.603434865
TCP22_colamp,AT1G72010,TCP,0.020420122,0.603434865
DIV1_colamp,AT5G58900,MYB,0.021628045,0.603434865
AIL7_colamp,AT5G65510,AP2/ERF,0.021910099,0.603434865
LCL1,AT5G02840,MYB,0.023876062,0.603434865
AT3G10580_colamp,AT3G10580,MYB,0.024238964,0.603434865
BMY2_colamp,AT5G45300,BZR1/BES1,0.024635227,0.603434865
MYBS2,AT5G08520,MYB,0.024812289,0.603434865
STKL2,AT4G00250,GeBP,0.028456881,0.648343031
TCP20,AT3G27010,TCP,0.028791549,0.648343031
NST1_colamp,AT2G46770,NAC,0.039658334,0.825027558
ERF10_colamp,AT1G03800,AP2/ERF,0.042717749,0.825027558
NAC17,AT1G34190,NAC,0.047043998,0.825027558
TCP21,AT5G08330,TCP,0.047101359,0.825027558
LBD19,AT2G45410,LBD,0.049467937,0.825027558
LHY1_colamp,AT1G01060,MYB,0.050592463,0.825027558
EPR1,AT1G18330,MYB,0.050951939,0.825027558
SPL5,AT3G15270,SPL/SBP,0.051173309,0.825027558
MYC5,AT5G46830,bHLH,0.053176432,0.825027558
SMB,AT1G79580,NAC,0.05491913,0.825027558
NAC20,AT1G54330,NAC,0.056125326,0.825027558
AT1G74840_colamp,AT1G74840,MYB,0.056362646,0.825027558
SPL9,AT2G42200,SPL/SBP,0.056826918,0.825027558
RVE5,AT4G01280,MYB,0.057475179,0.825027558
NLP7,AT4G24020,RWP-RK,0.05948821,0.825027558
BIM1_colamp,AT5G08130,bHLH,0.05948821,0.825027558
CUC2,AT5G53950,NAC,0.059705942,0.825027558
NAC38,AT2G24430,NAC,0.066369385,0.877026672
AT1G74840,AT1G74840,MYB,0.066606938,0.877026672
AT1G19000,AT1G19000,MYB,0.06779647,0.877026672
CAMTA5,AT4G16150,CAMTA,0.07168245,0.907977702
MYB99_colamp,AT5G62320,MYB,0.074698046,0.926865544
VND3,AT5G66300,NAC,0.078820206,0.958453706
AT1G19000_colamp,AT1G19000,MYB,0.081756374,0.974664219
LOV1,AT2G02450,NAC,0.084522231,0.978528792
ORE1,AT5G39610,NAC,0.089179417,0.978528792
NAC79_colamp,AT5G07680,NAC,0.089728535,0.978528792
SPL14,AT1G20980,SPL/SBP,0.090712305,0.978528792
TCP22,AT1G72010,TCP,0.091373307,0.978528792
NAC46,AT3G04060,NAC,0.092888688,0.978528792
NTL13,AT4G01550,NAC,0.093370822,0.978528792
PHL1,AT5G29000,GARP,0.095164574,0.978528792
NTL11,AT5G04410,NAC,0.098094788,0.978528792
NAC70,AT4G10350,NAC,0.098174764,0.978528792
MGP_colamp,AT1G03840,C2H2(Zn),0.100321874,0.983801605
RVE6_colamp,AT5G52660,MYB,0.102567431,0.989857113
GBF5_colamp,AT2G18160,bZIP,0.109597066,0.996200533
ABI5_colamp,AT2G36270,bZIP,0.1114433,0.996200533
NAC87,AT5G18270,NAC,0.11478567,0.996200533
NAC70_colamp,AT4G10350,NAC,0.114866398,0.996200533
HSFB3_colamp,AT2G41690,HSF,0.117142858,0.996200533
AT5G56840_colamp,AT5G56840,MYB,0.119820973,0.996200533
DDF2,AT1G63030,AP2/ERF,0.120105958,0.996200533
ZML1_colamp,AT3G21175,C2C2(Zn),0.120105958,0.996200533
EPR1_colamp,AT1G18330,MYB,0.12020089,0.996200533
VND4_colamp,AT1G12260,NAC,0.121268283,0.996200533
MYBS2_colamp,AT5G08520,MYB,0.122436713,0.996200533
VND1,AT2G18060,NAC,0.122886579,0.996200533
HB20_colamp,AT3G01220,HD-ZIP,0.126932424,1
NAC16_colamp,AT1G34180,NAC,0.12971573,1
PHL12_colamp,AT3G12730,GARP,0.129781689,1
MYB116_colamp,AT1G25340,MYB,0.131693019,1
MYB57_colamp,AT3G01530,MYB,0.132798125,1
LHY1,AT1G01060,MYB,0.135190073,1
MYB57,AT3G01530,MYB,0.141103711,1
AT5G60130,AT5G60130,B3-domain,0.150263789,1
KUA1,AT5G47390,MYB,0.151362429,1
BRAVO,AT5G17800,MYB,0.154602999,1
PHL4_colamp,AT2G20400,GARP,0.1547757,1
HB51,AT5G03790,HD-ZIP,0.155258841,1
AT2G38090,AT2G38090,MYB,0.159670574,1
RVE1,AT5G17300,MYB,0.161618825,1
HB21,AT2G18550,HD-ZIP,0.162010148,1
NAC50,AT3G10480,NAC,0.162838774,1
NAC16,AT1G34180,NAC,0.166100976,1
HB53_colamp,AT5G66700,HD-ZIP,0.167794784,1
MYBS1_colamp,AT1G49010,MYB,0.168147272,1
DOF4.3,AT4G21040,C2C2(Zn),0.174568557,1
AT1G76110_colamp,AT1G76110,ARID,0.177261066,1
FBH4,AT2G42280,bHLH,0.177716811,1
VND2,AT4G36160,NAC,0.178103291,1
STOP1_colamp,AT1G34370,C2H2(Zn),0.183701592,1
AREB3,AT3G56850,bZIP,0.184360715,1
NAC96_colamp,AT5G46590,NAC,0.188390441,1
SPL5_colamp,AT3G15270,SPL/SBP,0.191514764,1
HB40_colamp,AT4G36740,HD-ZIP,0.192032263,1
IDD1_colamp,AT5G66730,C2H2(Zn),0.192241823,1
HB32,AT1G14687,ZF-HD,0.195141746,1
NAC58,AT3G18400,NAC,0.195748057,1
AT1G66420,AT1G66420,GeBP,0.19682259,1
FUS3,AT3G26790,B3-domain,0.197444923,1
BIM2_colamp,AT1G69010,bHLH,0.199084772,1
HSFC1_colamp,AT3G24520,HSF,0.200026907,1
BIM2,AT1G69010,bHLH,0.20203133,1
HB21_colamp,AT2G18550,HD-ZIP,0.204308458,1
MYB27_colamp,AT3G53200,MYB,0.206976771,1
BLJ_colamp,AT1G14580,C2H2(Zn),0.2095444,1
CUC1,AT3G15170,NAC,0.209742715,1
SPL9_colamp,AT2G42200,SPL/SBP,0.219874109,1
NAC57,AT3G17730,NAC,0.221097444,1
GCC7_colamp,AT2G01060,GARP,0.230521822,1
HSFA4A,AT4G18880,HSF,0.230917249,1
VND4,AT1G12260,NAC,0.231564773,1
NAC50_colamp,AT3G10480,NAC,0.232681176,1
CUC2_colamp,AT5G53950,NAC,0.233597233,1
MYB105_colamp,AT1G69560,MYB,0.236745649,1
SGR5,AT2G01940,C2H2(Zn),0.238728677,1
PHL4,AT2G20400,GARP,0.239208537,1
NAC53,AT3G10500,NAC,0.240752509,1
HSFB2A,AT5G62020,HSF,0.242035066,1
NAC45,AT3G03200,NAC,0.244455631,1
AT2G40260,AT2G40260,GARP,0.250158128,1
RVE8_colamp,AT3G09600,MYB,0.251005087,1
NST1,AT2G46770,NAC,0.25175,1
MYB58,AT1G16490,MYB,0.252919127,1
NAC83_colamp,AT5G13180,NAC,0.254048409,1
ATAF1,AT1G01720,NAC,0.256595968,1
bZIP68,AT1G32150,bZIP,0.257294641,1
LBD13_colamp,AT2G30340,LBD,0.257711939,1
HHO4,AT2G03500,GARP,0.262179011,1
HB25/ZFHD2,AT5G65410,ZF-HD,0.265695637,1
NAC83,AT5G13180,NAC,0.267297444,1
VND6,AT5G62380,NAC,0.273888271,1
FAR1,AT4G15090,FRS-FRF,0.274467447,1
NAC28,AT1G65910,NAC,0.285740693,1
HSFC1,AT3G24520,HSF,0.291755262,1
SPL1,AT2G47070,SPL/SBP,0.29305768,1
REM19_colamp,AT1G49480,B3-domain,0.294618964,1
TCP16_colamp,AT3G45150,TCP,0.298565102,1
HB53,AT5G66700,HD-ZIP,0.298749174,1
FRS9,AT4G38170,FRS-FRF,0.299547179,1
SGR5_colamp,AT2G01940,C2H2(Zn),0.302964813,1
ARID2,AT2G17410,ARID,0.304862754,1
NAC53_colamp,AT3G10500,NAC,0.305684582,1
IDD5_colamp,AT2G02070,C2H2(Zn),0.305856041,1
DAG2_colamp,AT2G46590,C2C2(Zn),0.314960705,1
TCP13/PTF1_colamp,AT3G02150,TCP,0.317286118,1
PHV,AT1G30490,HD-ZIP,0.32143777,1
SPL1_colamp,AT2G47070,SPL/SBP,0.321872381,1
ORE1_colamp,AT5G39610,NAC,0.328005443,1
NAC94,AT5G39820,NAC,0.329483758,1
HB18,AT1G70920,HD-ZIP,0.338750508,1
PDF2,AT4G04890,HD-ZIP,0.339082154,1
HB5_colamp,AT5G65310,HD-ZIP,0.342771203,1
CDF5_colamp,AT1G69570,C2C2(Zn),0.344746203,1
SMB_colamp,AT1G79580,NAC,0.349037753,1
AT3G10113,AT3G10113,MYB,0.351403168,1
ARF16,AT4G30080,B3-domain,0.354382523,1
BPC1,AT2G01930,BBR/BPC,0.364763637,1
BZR1,AT1G75080,BZR1/BES1,0.365906567,1
SPL15_colamp,AT3G57920,SPL/SBP,0.374533992,1
HB15,AT1G52150,HD-ZIP,0.375282733,1
DOF3.5,AT3G52440,C2C2(Zn),0.375282733,1
NAC45_colamp,AT3G03200,NAC,0.377670096,1
bZIP48_colamp,AT2G04038,bZIP,0.378214504,1
BPEub,AT1G59640,bHLH,0.382801734,1
MYB31_colamp,AT1G74650,MYB,0.383291314,1
GBF3,AT2G46270,bZIP,0.383397019,1
LCL1_colamp,AT5G02840,MYB,0.384918749,1
NAC57_colamp,AT3G17730,NAC,0.386022679,1
NAC47,AT3G04070,NAC,0.389180598,1
IDD2_colamp,AT3G50700,C2H2(Zn),0.38930595,1
MYB74_colamp,AT4G05100,MYB,0.38930595,1
MYB61,AT1G09540,MYB,0.393810179,1
AT3G09735,AT3G09735,S1Fa-like,0.394059104,1
BMY2,AT5G45300,BZR1/BES1,0.395602177,1
HB5,AT5G65310,HD-ZIP,0.397919602,1
AT2G40260_colamp,AT2G40260,GARP,0.398172637,1
AT5G61620,AT5G61620,MYB,0.398941137,1
VND2_colamp,AT4G36160,NAC,0.40800608,1
bZIP53,AT3G62420,bZIP,0.414745179,1
NAC58_colamp,AT3G18400,NAC,0.419766117,1
NAC5,AT1G02250,NAC,0.422456213,1
GT-3a,AT5G01380,Trihelix,0.430791734,1
bZIP53_colamp,AT3G62420,bZIP,0.431833914,1
MYB103,AT5G56110,MYB,0.432834325,1
TCX2,AT4G14770,CPP,0.437061511,1
MYB103_colamp,AT5G56110,MYB,0.448684125,1
MYR2_colamp,AT3G04030,GARP,0.450145777,1
BIM1,AT5G08130,bHLH,0.452854817,1
HAT2_colamp,AT5G47370,HD-ZIP,0.457253994,1
RVE6,AT5G52660,MYB,0.461895053,1
MYB118_colamp,AT3G27785,MYB,0.466299104,1
MYB13,AT1G06180,MYB,0.473987718,1
MYB58_colamp,AT1G16490,MYB,0.474969918,1
MYB62_colamp,AT1G68320,MYB,0.477376112,1
HSFB2B_colamp,AT4G11660,HSF,0.486041025,1
LBD18,AT2G45420,LBD,0.488626514,1
AREB3_colamp,AT3G56850,bZIP,0.489203765,1
GFR,AT5G45580,GARP,0.493635694,1
NAC47_colamp,AT3G04070,NAC,0.494408439,1
MYR2,AT3G04030,GARP,0.500259742,1
MYB3R-4,AT5G11510,MYB,0.500640275,1
HB51_colamp,AT5G03790,HD-ZIP,0.505382479,1
SPL3_colamp,AT2G33810,SPL/SBP,0.508710525,1
GFR_colamp,AT5G45580,GARP,0.509002337,1
TCP24,AT1G30210,TCP,0.514837656,1
NTL11_colamp,AT5G04410,NAC,0.522849736,1
PHL2_colamp,AT3G24120,GARP,0.525037469,1
bZIP3,AT5G15830,bZIP,0.527623212,1
HB40,AT4G36740,HD-ZIP,0.534177447,1
MYB73,AT4G37260,MYB,0.535163055,1
DF1,AT1G76880,Trihelix,0.535261254,1
WRKY50,AT5G26170,WRKY,0.536085751,1
SND2,AT4G28500,NAC,0.539328199,1
NAC75,AT4G29230,NAC,0.539578372,1
HSFA6B,AT3G22830,HSF,0.540300096,1
HSFA1B,AT5G16820,HSF,0.543335741,1
BEH4,AT1G78700,BZR1/BES1,0.548846623,1
RRTF1,AT4G34410,AP2/ERF,0.554013509,1
RVE5_colamp,AT4G01280,MYB,0.561844662,1
MYB83_colamp,AT3G08500,MYB,0.56377102,1
DOF3.5_colamp,AT3G52440,C2C2(Zn),0.564868204,1
MYB30_colamp,AT3G28910,MYB,0.576247027,1
WRKY18_colamp,AT4G31800,WRKY,0.578326086,1
HHO5,AT4G37180,GARP,0.579301793,1
DOF4.5,AT4G21080,C2C2(Zn),0.581360599,1
AT1G24250,AT1G24250,PAH2,0.584070446,1
MYB67,AT3G12720,MYB,0.584070446,1
E2F3,AT2G36010,E2F-DP,0.597959063,1
LBD23_colamp,AT3G26620,LBD,0.600822367,1
RAV1,AT1G13260,AP2/B3-like,0.60374271,1
RAP2.10,AT5G52020,AP2/ERF,0.61012252,1
NAC13,AT1G32870,NAC,0.612286256,1
DOF1.6,AT1G47655,C2C2(Zn),0.616804906,1
RAP2.6,AT1G43160,AP2/ERF,0.617572048,1
EIN3_colamp,AT3G20770,EIL,0.618254232,1
SND3,AT1G28470,NAC,0.621570455,1
BEH3,AT4G18890,BZR1/BES1,0.621646637,1
NAC87_colamp,AT5G18270,NAC,0.63031448,1
GCC7,AT2G01060,GARP,0.633357393,1
CBF2_colamp,AT4G25470,AP2/ERF,0.642202676,1
NAP_colamp,AT1G69490,NAC,0.654440813,1
MYB55_colamp,AT4G01680,MYB,0.655413237,1
MYB81,AT2G26960,MYB,0.661773523,1
WRKY65,AT1G29280,WRKY,0.665846802,1
GTL1,AT1G33240,Trihelix,0.668258373,1
LBD18_colamp,AT2G45420,LBD,0.672226188,1
AT5G47660_colamp,AT5G47660,Trihelix,0.684613194,1
C3H67_colamp,AT5G63260,C3H(Zn),0.691119515,1
MYB13_colamp,AT1G06180,MYB,0.697421987,1
MYB70,AT2G23290,MYB,0.698050401,1
SOL1_colamp,AT3G22760,CPP,0.701625944,1
HSFA6B_colamp,AT3G22830,HSF,0.703129308,1
bZIP16_colamp,AT2G35530,bZIP,0.703562729,1
GT2_colamp,AT1G76890,Trihelix,0.71026318,1
GT-4_colamp,AT3G25990,Trihelix,0.711978764,1
bZIP18_colamp,AT2G40620,bZIP,0.712920755,1
GTL1_colamp,AT1G33240,Trihelix,0.717701659,1
NAC71_colamp,AT4G17980,NAC,0.718667759,1
KHZ1_colamp,AT3G12130,C3H(Zn),0.729842796,1
RVE1_colamp,AT5G17300,MYB,0.731232331,1
HAT2,AT5G47370,HD-ZIP,0.738137656,1
C3H67,AT5G63260,C3H(Zn),0.742831956,1
RAV1_colamp,AT1G13260,AP2/B3-like,0.743748727,1
VND3_colamp,AT5G66300,NAC,0.750697709,1
MYB119_colamp,AT5G58850,MYB,0.751660904,1
MYB3R1_colamp,AT4G32730,MYB,0.759546082,1
NAC46_colamp,AT3G04060,NAC,0.777788348,1
CBF2,AT4G25470,AP2/ERF,0.778462407,1
MYBS1,AT1G49010,MYB,0.780603624,1
PEAR1,AT2G37590,C2C2(Zn),0.782224871,1
STZ,AT1G27730,C2H2(Zn),0.788652471,1
GBF6,AT4G34590,bZIP,0.789946295,1
CBF4_colamp,AT5G51990,AP2/ERF,0.790737029,1
TGA9_colamp,AT1G08320,bZIP,0.792496901,1
TCX2_colamp,AT4G14770,CPP,0.795561394,1
CAMTA1,AT5G09410,CAMTA,0.796160229,1
BEH2,AT4G36780,BZR1/BES1,0.805246183,1
NTM1_colamp,AT4G01540,NAC,0.80593239,1
RAP2.10_colamp,AT5G52020,AP2/ERF,0.809479547,1
LBD16_colamp,AT2G42430,LBD,0.821735513,1
DOF4.3_colamp,AT4G21040,C2C2(Zn),0.823202946,1
MYB44,AT5G67300,MYB,0.827299307,1
ERF17,AT1G19210,AP2/ERF,0.828766424,1
WRKY18,AT4G31800,WRKY,0.835846725,1
MYB77,AT3G50060,MYB,0.837101259,1
MYB3R1,AT4G32730,MYB,0.856266039,1
ASR3_colamp,AT2G33550,Trihelix,0.864005652,1
DOF5.8,AT5G66940,C2C2(Zn),0.865885223,1
ABS7_colamp,AT2G32460,MYB,0.876186602,1
MYB61_colamp,AT1G09540,MYB,0.887204995,1
DOF5.8_colamp,AT5G66940,C2C2(Zn),0.895613518,1
HB33_colamp,AT1G75240,ZF-HD,0.901151553,1
DOF3.2_colamp,AT3G45610,C2C2(Zn),0.903397549,1
HB23_colamp,AT5G39760,ZF-HD,0.906460449,1
MYB49_colamp,AT5G54230,MYB,1,1
HB33,AT1G75240,ZF-HD,1,1
WRKY25_colamp,AT2G30250,WRKY,1,1
NAM_colamp,AT1G52880,NAC,1,1
HHO3,AT1G25550,GARP,1,1
ERF23,AT1G01250,AP2/ERF,1,1
NAC4,AT1G02230,NAC,1,1
NAC4_colamp,AT1G02230,NAC,1,1
HMGBD15_colamp,AT1G04880,ARID,1,1
LBD2_colamp,AT1G06280,LBD,1,1
bZIP52,AT1G06850,bZIP,1,1
bZIP52_colamp,AT1G06850,bZIP,1,1
TGA9,AT1G08320,bZIP,1,1
DDF1,AT1G12610,AP2/ERF,1,1
ERF27,AT1G12630,AP2/ERF,1,1
ERF27_colamp,AT1G12630,AP2/ERF,1,1
NAC200,AT1G19040,NAC,1,1
ERF17_colamp,AT1G19210,AP2/ERF,1,1
SRS7_colamp,AT1G19790,SRS,1,1
ARF5/MP,AT1G19850,B3-domain,1,1
ARID3,AT1G20910,ARID,1,1
DREB26,AT1G21910,AP2/ERF,1,1
TGA3,AT1G22070,bZIP,1,1
ERF19,AT1G22810,AP2/ERF,1,1
ERF19_colamp,AT1G22810,AP2/ERF,1,1
HHO3_colamp,AT1G25550,GARP,1,1
STZ_colamp,AT1G27730,C2H2(Zn),1,1
ESL2,AT1G28160,AP2/ERF,1,1
ESL2_colamp,AT1G28160,AP2/ERF,1,1
ERF11,AT1G28370,AP2/ERF,1,1
ERF11_colamp,AT1G28370,AP2/ERF,1,1
SND3_colamp,AT1G28470,NAC,1,1
COG1_colamp,AT1G29160,C2C2(Zn),1,1
WRKY65_colamp,AT1G29280,WRKY,1,1
WRKY71,AT1G29860,WRKY,1,1
WRKY14,AT1G30650,WRKY,1,1
WRKY14_colamp,AT1G30650,WRKY,1,1
GOA,AT1G31140,MADS,1,1
NAC17_colamp,AT1G34190,NAC,1,1
MYB93,AT1G34670,MYB,1,1
MYB93_colamp,AT1G34670,MYB,1,1
FBH1,AT1G35460,bHLH,1,1
WIND3,AT1G36060,AP2/ERF,1,1
WIND3_colamp,AT1G36060,AP2/ERF,1,1
RAP2.6_colamp,AT1G43160,AP2/ERF,1,1
VIP1,AT1G43700,bZIP,1,1
ERF14,AT1G44830,AP2/ERF,1,1
ABF2,AT1G45249,bZIP,1,1
RAP2.1_colamp,AT1G46768,AP2/ERF,1,1
RAP2.1,AT1G46768,AP2/ERF,1,1
DOF1.6_colamp,AT1G47655,C2C2(Zn),1,1
HHO6,AT1G49560,GARP,1,1
HHO6_colamp,AT1G49560,GARP,1,1
ERF3,AT1G50640,AP2/ERF,1,1
ERF3_colamp,AT1G50640,AP2/ERF,1,1
FBH3,AT1G51140,bHLH,1,1
WIP5,AT1G51220,C2H2(Zn),1,1
WIP5_colamp,AT1G51220,C2H2(Zn),1,1
NAM,AT1G52880,NAC,1,1
ERF8,AT1G53170,AP2/ERF,1,1
ERF8_colamp,AT1G53170,AP2/ERF,1,1
TCP3,AT1G53230,TCP,1,1
RAP2.12,AT1G53910,AP2/ERF,1,1
WRKY6,AT1G62300,WRKY,1,1
WRKY6_colamp,AT1G62300,WRKY,1,1
DOF1.8,AT1G64620,C2C2(Zn),1,1
DOF1.8_colamp,AT1G64620,C2C2(Zn),1,1
CDM1_colamp,AT1G68200,C3H(Zn),1,1
CRF10,AT1G68550,AP2/ERF,1,1
HHO2_colamp,AT1G68670,GARP,1,1
HHO2,AT1G68670,GARP,1,1
NAP,AT1G69490,NAC,1,1
CDF5,AT1G69570,C2C2(Zn),1,1
ATHB13,AT1G69780,HD-ZIP,1,1
FUF1,AT1G71450,AP2/ERF,1,1
AT1G72740,AT1G72740,MYB,1,1
AT1G72740_colamp,AT1G72740,MYB,1,1
RKD2,AT1G74480,RWP-RK,1,1
RKD2_colamp,AT1G74480,RWP-RK,1,1
DREB2D,AT1G75490,AP2/ERF,1,1
GT2,AT1G76890,Trihelix,1,1
ERF37,AT1G77200,AP2/ERF,1,1
ERF37_colamp,AT1G77200,AP2/ERF,1,1
bZIP50,AT1G77920,bZIP,1,1
bZIP50_colamp,AT1G77920,bZIP,1,1
MYB63,AT1G79180,MYB,1,1
WRKY40,AT1G80840,WRKY,1,1
BPC1_colamp,AT2G01930,BBR/BPC,1,1
MYB88,AT2G02820,MYB,1,1
MYB88_colamp,AT2G02820,MYB,1,1
WRKY3,AT2G03340,WRKY,1,1
bZIP48,AT2G04038,bZIP,1,1
GRF6,AT2G06200,GRF,1,1
AGL95,AT2G15660,MADS,1,1
GAL1,AT2G15740,C2H2(Zn),1,1
WUS_colamp,AT2G17950,WOX,1,1
GBF5,AT2G18160,bZIP,1,1
HB24,AT2G18350,ZF-HD,1,1
HB24_colamp,AT2G18350,ZF-HD,1,1
GATA20_colamp,AT2G18380,C2C2(Zn),1,1
CPP1,AT2G20110,CPP,1,1
CPP1_colamp,AT2G20110,CPP,1,1
SVP_colamp,AT2G22540,MADS,1,1
SVP,AT2G22540,MADS,1,1
WRKY15,AT2G23320,WRKY,1,1
WRKY15_colamp,AT2G23320,WRKY,1,1
DEAR3,AT2G23340,AP2/ERF,1,1
DEAR3_colamp,AT2G23340,AP2/ERF,1,1
MYB81_colamp,AT2G26960,MYB,1,1
NTL8,AT2G27300,NAC,1,1
DOF2.2,AT2G28810,C2C2(Zn),1,1
DOF2.2_colamp,AT2G28810,C2C2(Zn),1,1
WRKY25,AT2G30250,WRKY,1,1
WRKY21,AT2G30590,WRKY,1,1
bHLH10,AT2G31220,bHLH,1,1
bHLH10_colamp,AT2G31220,bHLH,1,1
ERF15,AT2G31230,AP2/ERF,1,1
ERF15_colamp,AT2G31230,AP2/ERF,1,1
ABS7,AT2G32460,MYB,1,1
ERF112,AT2G33710,AP2/ERF,1,1
ERF112_colamp,AT2G33710,AP2/ERF,1,1
bZIP16,AT2G35530,bZIP,1,1
ERF38,AT2G35700,AP2/ERF,1,1
E2F3_colamp,AT2G36010,E2F-DP,1,1
ABI5,AT2G36270,bZIP,1,1
PEAR1_colamp,AT2G37590,C2C2(Zn),1,1
AT2G38300,AT2G38300,GARP,1,1
DREB19,AT2G38340,AP2/ERF,1,1
DREB19_colamp,AT2G38340,AP2/ERF,1,1
WRKY33,AT2G38470,WRKY,1,1
bZIP18,AT2G40620,bZIP,1,1
WRKY55,AT2G40740,WRKY,1,1
NAC42,AT2G43000,NAC,1,1
ERF13_colamp,AT2G44840,AP2/ERF,1,1
ERF34_colamp,AT2G44940,AP2/ERF,1,1
LBD19_colamp,AT2G45410,LBD,1,1
GRF9_colamp,AT2G45480,GRF,1,1
WRKY43_colamp,AT2G46130,WRKY,1,1
HAT5,AT3G01470,HD-ZIP,1,1
WRKY45_colamp,AT3G01970,WRKY,1,1
WRKY45,AT3G01970,WRKY,1,1
MYB107,AT3G02940,MYB,1,1
MYB107_colamp,AT3G02940,MYB,1,1
MYB108,AT3G06490,MYB,1,1
MYB83,AT3G08500,MYB,1,1
AT3G10030,AT3G10030,Trihelix,1,1
AT3G10030_colamp,AT3G10030,Trihelix,1,1
bZIP28,AT3G10800,bZIP,1,1
MYB65,AT3G11440,MYB,1,1
MYB65_colamp,AT3G11440,MYB,1,1
TGA6,AT3G12250,bZIP,1,1
TGA6_colamp,AT3G12250,bZIP,1,1
ASIL2,AT3G14180,Trihelix,1,1
ERF4,AT3G15210,AP2/ERF,1,1
ERF4_colamp,AT3G15210,AP2/ERF,1,1
ERF36_colamp,AT3G16280,AP2/ERF,1,1
VRN1,AT3G18990,B3-domain,1,1
ERF7,AT3G20310,AP2/ERF,1,1
ERF7_colamp,AT3G20310,AP2/ERF,1,1
EIN3,AT3G20770,EIL,1,1
BBX31,AT3G21890,C2C2(Zn),1,1
SOL1,AT3G22760,CPP,1,1
ESE1,AT3G23220,AP2/ERF,1,1
ERF1_colamp,AT3G23240,AP2/ERF,1,1
GATA1_colamp,AT3G24050,C2C2(Zn),1,1
PHL2,AT3G24120,GARP,1,1
LBD23,AT3G26620,LBD,1,1
HB34,AT3G28920,ZF-HD,1,1
HB34_colamp,AT3G28920,ZF-HD,1,1
zfGRF/AT3G42860,AT3G42860,CCHC(Zn),1,1
TRP2,AT3G46590,MYB,1,1
TRP2_colamp,AT3G46590,MYB,1,1
CDF3,AT3G47500,C2C2(Zn),1,1
CDF3_colamp,AT3G47500,C2C2(Zn),1,1
DEL1,AT3G48160,E2F-DP,1,1
DEL1_colamp,AT3G48160,E2F-DP,1,1
NAC62,AT3G49530,NAC,1,1
NAC62_colamp,AT3G49530,NAC,1,1
CEJ1,AT3G50260,AP2/ERF,1,1
CEJ1_colamp,AT3G50260,AP2/ERF,1,1
OBP1,AT3G50410,C2C2(Zn),1,1
MYB27,AT3G53200,MYB,1,1
OBP3,AT3G55370,C2C2(Zn),1,1
OBP3_colamp,AT3G55370,C2C2(Zn),1,1
WRKY70,AT3G56400,WRKY,1,1
ERF35_colamp,AT3G60490,AP2/ERF,1,1
GATA4,AT3G60530,C2C2(Zn),1,1
HDG1,AT3G61150,HD-ZIP,1,1
ANL2,AT4G00730,HD-ZIP,1,1
WRKY22,AT4G01250,WRKY,1,1
WRKY22_colamp,AT4G01250,WRKY,1,1
NGA4,AT4G01500,AP2/B3-like,1,1
NTM1,AT4G01540,NAC,1,1
WRKY47_colamp,AT4G01720,WRKY,1,1
DEAR5,AT4G06746,AP2/ERF,1,1
HSFB2B,AT4G11660,HSF,1,1
ERF39,AT4G16750,AP2/ERF,1,1
NAC71,AT4G17980,NAC,1,1
WRKY28,AT4G18170,WRKY,1,1
ERF91,AT4G18450,AP2/ERF,1,1
MYB98,AT4G18770,MYB,1,1
BEH3_colamp,AT4G18890,BZR1/BES1,1,1
DOF4.2,AT4G21030,C2C2(Zn),1,1
WRKY31_colamp,AT4G22070,WRKY,1,1
WRKY29,AT4G23550,WRKY,1,1
WRKY29_colamp,AT4G23550,WRKY,1,1
WRKY7,AT4G24240,WRKY,1,1
CBF3,AT4G25480,AP2/ERF,1,1
CBF3_colamp,AT4G25480,AP2/ERF,1,1
CBF1,AT4G25490,AP2/ERF,1,1
CBF1_colamp,AT4G25490,AP2/ERF,1,1
AT4G26030,AT4G26030,C2H2(Zn),1,1
WRKY20,AT4G26640,WRKY,1,1
CRF4_colamp,AT4G27950,AP2/ERF,1,1
SND2_colamp,AT4G28500,NAC,1,1
AT4G31060,AT4G31060,AP2/ERF,1,1
AT4G31060_colamp,AT4G31060,AP2/ERF,1,1
WRKY11,AT4G31550,Trihelix,1,1
ERF43,AT4G32800,AP2/ERF,1,1
ERF43_colamp,AT4G32800,AP2/ERF,1,1
REM16,AT4G33280,AP2/B3-like,1,1
RRTF1_colamp,AT4G34410,AP2/ERF,1,1
GBF6_colamp,AT4G34590,bZIP,1,1
GATA19,AT4G36620,C2C2(Zn),1,1
HHO5_colamp,AT4G37180,GARP,1,1
DOF4.7,AT4G38000,C2C2(Zn),1,1
DOF4.7_colamp,AT4G38000,C2C2(Zn),1,1
FRS9_colamp,AT4G38170,FRS-FRF,1,1
MYB3R5,AT5G02320,MYB,1,1
PEAR2_colamp,AT5G02460,C2C2(Zn),1,1
ZAT14L,AT5G04390,C2H2(Zn),1,1
ENAP2,AT5G05550,Trihelix,1,1
ENAP2_colamp,AT5G05550,Trihelix,1,1
MYB33,AT5G06100,MYB,1,1
TGA10,AT5G06839,bZIP,1,1
TGA10_colamp,AT5G06839,bZIP,1,1
TGA2,AT5G06950,bZIP,1,1
TGA2_colamp,AT5G06950,bZIP,1,1
TGA5,AT5G06960,bZIP,1,1
ERF115,AT5G07310,AP2/ERF,1,1
ERF115_colamp,AT5G07310,AP2/ERF,1,1
SHA2,AT5G08750,C3H(Zn),1,1
TGA4,AT5G10030,bZIP,1,1
TGA4_colamp,AT5G10030,bZIP,1,1
AGL25_colamp,AT5G10140,MADS,1,1
MYB92_colamp,AT5G10280,MYB,1,1
AIL6,AT5G10510,AP2/ERF,1,1
HY5_colamp,AT5G11260,bZIP,1,1
WRKY75,AT5G13080,WRKY,1,1
WRKY75_colamp,AT5G13080,WRKY,1,1
AGL15_colamp,AT5G13790,MADS,1,1
AGL15,AT5G13790,MADS,1,1
LEP,AT5G13910,AP2/ERF,1,1
DEL2_colamp,AT5G14960,E2F-DP,1,1
DEL2,AT5G14960,E2F-DP,1,1
HSFA1B_colamp,AT5G16820,HSF,1,1
BRAVO_colamp,AT5G17800,MYB,1,1
PUCHI,AT5G18560,AP2/ERF,1,1
PUCHI_colamp,AT5G18560,AP2/ERF,1,1
RAP2.11,AT5G19790,AP2/ERF,1,1
RAP2.11_colamp,AT5G19790,AP2/ERF,1,1
mTERF34,AT5G23930,mTERF,1,1
WRKY30_colamp,AT5G24110,WRKY,1,1
ESE3_colamp,AT5G25190,AP2/ERF,1,1
ESE3,AT5G25190,AP2/ERF,1,1
TINY,AT5G25810,AP2/ERF,1,1
WRKY50_colamp,AT5G26170,WRKY,1,1
HB23,AT5G39760,ZF-HD,1,1
WRKY24,AT5G41570,WRKY,1,1
WRKY24_colamp,AT5G41570,WRKY,1,1
HSFA6A_colamp,AT5G43840,HSF,1,1
WRKY8_colamp,AT5G46350,WRKY,1,1
WRKY8,AT5G46350,WRKY,1,1
NAC96,AT5G46590,NAC,1,1
ERF2,AT5G47220,AP2/ERF,1,1
ERF2_colamp,AT5G47220,AP2/ERF,1,1
ERF5,AT5G47230,AP2/ERF,1,1
SPL13,AT5G50670,SPL/SBP,1,1
ERF105,AT5G51190,AP2/ERF,1,1
ERF105_colamp,AT5G51190,AP2/ERF,1,1
CBF4,AT5G51990,AP2/ERF,1,1
WRKY27,AT5G52830,WRKY,1,1
WRKY27_colamp,AT5G52830,WRKY,1,1
MYB49,AT5G54230,MYB,1,1
EMB1789,AT5G56930,C3H(Zn),1,1
MYB119,AT5G58850,MYB,1,1
TRP1,AT5G59430,MYB,1,1
OBP4_colamp,AT5G60850,C2C2(Zn),1,1
VND6_colamp,AT5G62380,NAC,1,1
MYB96,AT5G62470,MYB,1,1
HCA2,AT5G62940,C2C2(Zn),1,1
LOB,AT5G63090,LBD,1,1
NAC103_colamp,AT5G64060,NAC,1,1
NAC103,AT5G64060,NAC,1,1
ABR1,AT5G64750,AP2/ERF,1,1
ABR1_colamp,AT5G64750,AP2/ERF,1,1
TGA1,AT5G65210,bZIP,1,1
TGA1_colamp,AT5G65210,bZIP,1,1
HB25/ZFHD2_colamp,AT5G65410,ZF-HD,1,1
AIL7,AT5G65510,AP2/ERF,1,1
DEAR2,AT5G67190,AP2/ERF,1,1
DEAR2_colamp,AT5G67190,AP2/ERF,1,1
MYB44_colamp,AT5G67300,MYB,1,1
ZF1_colamp,AT5G67450,C2H2(Zn),1,1
TRB2,AT5G67580,MYB,1,1
