season,mean_control,mean_cold_TF,observed_difference,p_upper,p_lower,se_null,label,level
winter,-2.66012371134021,-0.783863636363636,1.87626007497657,3e-04,0.9998,0.00551593033926901,ALL_TF,global
spring,3.77578350515464,5.12897727272727,1.35319376757263,2e-04,0.9999,0.00363185224625981,ALL_TF,global
summer,13.965793814433,14.6111363636364,0.645342549203374,0.0286,0.9715,0.00340827663781727,ALL_TF,global
autumn,6.84818556701031,8.00204545454545,1.15385988753515,0.0019,0.9982,0.00397464579897638,ALL_TF,global
winter,-2.50738636363636,-0.75,1.75738636363636,0.3031,0.6982,0.0351606336144904,AT1G01060,gene
spring,3.88269886363636,6.865,2.98230113636364,0.0777,0.9228,0.0225542594939639,AT1G01060,gene
summer,14.0155965909091,16.065,2.04940340909091,0.1633,0.837,0.0219361689772413,AT1G01060,gene
autumn,6.94098484848485,8.62,1.67901515151515,0.2286,0.772,0.0250844936344972,AT1G01060,gene
winter,-2.50449385052034,-2.05,0.454493850520341,0.4834,0.5199,0.0502856634038267,AT1G46768,gene
spring,3.88887417218543,3.32,-0.568874172185431,0.6041,0.3986,0.0317967755579549,AT1G46768,gene
summer,14.0217407757805,11.62,-2.40174077578051,0.8634,0.1389,0.0303939836885128,AT1G46768,gene
autumn,6.94544938505203,5.58,-1.36544938505203,0.7166,0.2909,0.0355801420510191,AT1G46768,gene
winter,-2.50693625118934,-2.07285714285714,0.434079108332201,0.4301,0.5701,0.0187785514818004,AT1G69570,gene
spring,3.89607992388202,2.72571428571429,-1.17036563816773,0.8427,0.1578,0.0122470777119433,AT1G69570,gene
summer,14.031893434824,12.1542857142857,-1.87760772053826,0.951,0.0491,0.0115772439676053,AT1G69570,gene
autumn,6.95003805899144,6.06142857142857,-0.888609487562865,0.7549,0.2453,0.0137253725195607,AT1G69570,gene
winter,-2.49337121212121,-8.15,-5.65662878787879,0.9222,0.078,0.0350318743242155,AT2G23340,gene
spring,3.89800189393939,-1.215,-5.11300189393939,0.9809,0.0194,0.0225970077057026,AT2G23340,gene
summer,14.0308428030303,8.015,-6.0158428030303,0.9895,0.0106,0.0218666801441225,AT2G23340,gene
autumn,6.95538825757576,1.015,-5.94038825757576,0.978,0.0221,0.0251278204601724,AT2G23340,gene
winter,-2.51808712121212,4.9,7.41808712121212,0.0087,0.9914,0.0352782861762709,AT2G36270,gene
spring,3.87900568181818,8.815,4.93599431818182,0.0135,0.9867,0.0225634363922155,AT2G36270,gene
summer,14.0106060606061,18.7,4.68939393939394,0.0205,0.9797,0.0213360952286682,AT2G36270,gene
autumn,6.93256628787879,13.065,6.13243371212121,0.008,0.9922,0.0255799515512571,AT2G36270,gene
winter,-2.50278672985782,-2.95333333333333,-0.450546603475513,0.6148,0.3855,0.0288277921532979,AT3G13810,gene
spring,3.88550710900474,4.88333333333333,0.997826224328594,0.2869,0.7135,0.0186341863025577,AT3G13810,gene
summer,14.0151563981043,15.5366666666667,1.5215102685624,0.185,0.8156,0.0174547892991811,AT3G13810,gene
autumn,6.9400663507109,8.38333333333333,1.44326698262243,0.2221,0.7795,0.0208992080694468,AT3G13810,gene
winter,-2.51018939393939,0.73,3.24018939393939,0.1611,0.8396,0.0356373500845033,AT3G21890,gene
spring,3.8875946969697,4.28,0.392405303030303,0.4382,0.563,0.0227715257239612,AT3G21890,gene
summer,14.0243371212121,11.45,-2.57433712121212,0.9304,0.0711,0.0217479050126765,AT3G21890,gene
autumn,6.94376893939394,7.15,0.206231060606061,0.4714,0.531,0.0254295448768155,AT3G21890,gene
winter,-2.49861611374408,-4.42,-1.92138388625592,0.7861,0.214,0.028273249713498,AT3G24520,gene
spring,3.89052132701422,3.12,-0.770521327014218,0.6875,0.3126,0.0186011368380435,AT3G24520,gene
summer,14.024701421801,12.18,-1.84470142180095,0.8751,0.125,0.0178492212720854,AT3G24520,gene
autumn,6.9503981042654,4.75,-2.2003981042654,0.8843,0.1167,0.0204633376607088,AT3G24520,gene
winter,-2.51056818181818,0.93,3.44056818181818,0.1419,0.8582,0.0347820876170384,AT3G50260,gene
spring,3.88651515151515,4.85,0.963484848484848,0.3275,0.6763,0.0226361588239473,AT3G50260,gene
summer,14.0204829545455,13.485,-0.535482954545456,0.5591,0.4426,0.0215220775855208,AT3G50260,gene
autumn,6.94206439393939,8.05,1.10793560606061,0.3028,0.7008,0.0251951166486659,AT3G50260,gene
winter,-2.50399243140965,-2.58,-0.0760075685903501,0.5673,0.4352,0.0502587600907709,AT4G01250,gene
spring,3.89092715231788,1.15,-2.74092715231788,0.8449,0.1556,0.0324964634979015,AT4G01250,gene
summer,14.0229706717124,10.32,-3.70297067171239,0.9549,0.0459,0.0305268421415521,AT4G01250,gene
autumn,6.94649006622517,4.48,-2.46649006622517,0.8238,0.178,0.0358265363131005,AT4G01250,gene
winter,-2.54494706448508,-0.268421052631579,2.2765260118535,0.0196,0.9805,0.0115267647823761,AT4G25470,gene
spring,3.85181905678537,5.88526315789474,2.03344410110937,0.0026,0.9975,0.00738891696769723,AT4G25470,gene
summer,13.9975457170356,15.2184210526316,1.22087533559597,0.0425,0.9576,0.00714082004900075,AT4G25470,gene
autumn,6.91418671799808,8.58315789473684,1.66897117673877,0.0183,0.9818,0.00831576593735363,AT4G25470,gene
winter,-2.55255033557047,0.867333333333333,3.4198836689038,0.0019,0.9982,0.0128966288774506,AT4G25480,gene
spring,3.84327900287632,7.02133333333333,3.17805433045702,1e-04,1,0.00845607059654602,AT4G25480,gene
summer,13.9805369127517,16.7266666666667,2.74612975391499,6e-04,0.9995,0.00800451350095445,AT4G25480,gene
autumn,6.89624161073826,10.276,3.37975838926174,1e-04,1,0.00942356567834944,AT4G25480,gene
winter,-2.52289099526066,4.11666666666667,6.63955766192733,0.0072,0.9929,0.028879035813436,AT4G25490,gene
spring,3.87666350710901,7.99333333333333,4.11666982622433,0.0121,0.9882,0.0186132891889327,AT4G25490,gene
summer,14.0124075829384,16.5033333333333,2.49092575039495,0.0852,0.915,0.0177076772561567,AT4G25490,gene
autumn,6.93106161137441,11.55,4.61893838862559,0.0114,0.9888,0.0206119786971235,AT4G25490,gene
winter,-2.50407969639469,-2.5,0.00407969639468675,0.5345,0.467,0.0245157444971312,AT5G17300,gene
spring,3.89563567362429,1.965,-1.93063567362429,0.8917,0.1085,0.0160132955406433,AT5G17300,gene
summer,14.029724857685,11.3175,-2.71222485768501,0.9661,0.034,0.0152945343602367,AT5G17300,gene
autumn,6.95112903225807,5.1075,-1.84362903225806,0.8657,0.1353,0.0178666852566307,AT5G17300,gene
winter,-2.5242220113852,2.8075,5.3317220113852,0.0102,0.9899,0.0250388317753643,AT5G51990,gene
spring,3.87163187855787,8.29,4.41836812144213,0.0047,0.9954,0.0163409007974433,AT5G51990,gene
summer,14.0031214421252,18.3275,4.32437855787476,0.0036,0.9965,0.0149978188206493,AT5G51990,gene
autumn,6.92468690702087,12.075,5.15031309297913,0.0032,0.9969,0.0180605012828139,AT5G51990,gene
winter,-2.51144369586141,-2.10052631578947,0.410917380071932,0.3696,0.6306,0.0116228629355224,AT5G52660,gene
spring,3.87820019249278,4.44263157894737,0.564431386454587,0.2224,0.7777,0.00746526178248658,AT5G52660,gene
summer,14.0142829643888,14.3031578947368,0.288874930348007,0.3356,0.6651,0.00703909153754474,AT5G52660,gene
autumn,6.94707410972089,6.78473684210526,-0.162337267615622,0.5896,0.4106,0.00834078915404781,AT5G52660,gene
