TAIR_ID,downER,upER,downLR,upLR,downVR,upVR
AT1G01060,0.825027558,1.59e-07,1,1.37e-20,0.951211409,7.61e-08
AT1G19000,0.877026672,0.060140275,3.61e-11,0.632120585,5.26e-05,0.901353733
AT1G46768,1,1,0.915155835,0.031335389,0.297306785,1
AT1G49010,1,0.8570852,3.37e-07,0.968870363,0.008124706,0.859414289
AT1G49480,1,0.001144269,0.124528996,0.016901974,0.030666721,1
AT1G69570,1,0.025454395,0.246545901,0.0382648,1,0.148779624
AT1G74840,0.825027558,0.108361828,3.53e-09,0.384701252,0.000450389,1
AT1G76890,1,0.006722469,0.673417679,0.012929992,0.681557605,1
AT1G80840,1,0.031304336,1,1,0.345791977,0.358664328
AT2G18350,1,0.011747869,0.022356853,0.314406858,0.095888992,1
AT2G23320,1,0.002742042,1,1,0.221596342,1
AT2G23340,1,0.045248628,1,6.04e-07,0.80829792,0.409475851
AT2G30250,1,0.001635485,1,1,0.498867682,0.599823576
AT2G35700,1,0.329889702,1,1.65e-06,0.867148135,0.075269456
AT2G36270,0.996200533,0.000260641,0.001192981,1.24e-10,5.26e-05,0.056715489
AT2G38470,1,0.007281199,1,1,0.849472046,0.936289829
AT2G44940,1,0.244194695,1,2.49e-07,0.681557605,0.206764993
AT3G04070,1,1,0.110478531,0.002551664,0.913263893,1
AT3G13810,0.537664119,0.192950091,5.2e-05,0.488638341,0.001696886,1
AT3G21890,1,0.019300517,0.32057572,0.007398585,0.951211409,0.090109583
AT3G24520,1,1,0.643229378,0.010570896,0.601907195,0.387080208
AT3G47500,1,0.010537017,1,0.021153946,1,0.004835714
AT3G50260,1,0.040806257,1,2.51e-08,0.333983419,0.297227636
AT3G50700,1,0.108745787,0.032565859,0.389713173,0.012983798,1
AT3G56400,1,0.132299173,1,1,0.024339795,1
AT4G01250,1,0.002840686,1,1,0.305907644,1
AT4G25470,1,0.001110237,1,3.48e-29,1,0.001507416
AT4G25480,1,4.27e-10,1,4.93e-52,0.951211409,1.9e-08
AT4G25490,1,0.000606715,1,9.73e-32,1,0.000416855
AT4G32800,1,0.300241869,1,4.67e-05,0.29781229,0.139902122
AT4G34590,1,4.2e-05,1.73e-06,1.84e-07,1.88e-05,0.142214797
AT4G37260,1,0.022019042,0.229570739,1,0.074217338,1
AT5G08330,0.218175252,0.004434556,0.161581469,0.000188998,0.601367205,0.697522143
AT5G15830,1,8.66e-05,5.19e-06,2.31e-13,6.62e-06,0.051575511
AT5G17300,1,2.27e-07,1,1.15e-21,0.46265306,8.03e-08
AT5G39760,1,1.34e-05,0.025259205,0.048893152,0.078492563,1
AT5G47390,1,0.066784337,1.16e-11,0.514155645,5.77e-05,1
AT5G51990,1,8.66e-05,1,2e-37,0.962633522,0.01489877
AT5G52660,0.989857113,3.59e-09,1,9.18e-28,0.48237646,1.13e-10
AT5G58900,0.603434865,0.161833599,4.12e-07,1,0.043655572,1
