"variant_index","TAIR_ID","effect","EcotypeID","chr","pos","REF","ALT","genotype"
"1","AT1G01060","splice_donor_variant","7143","1","36089","C","T","1|1"
"2","AT1G01060","splice_donor_variant","6963","1","37371","A","G","1|1"
"3","AT1G46768","stop_gained","7000","1","17266495","G","A","1|1"
"4","AT1G69570","stop_gained","5867","1","26161830","G","A","1|1"
"5","AT1G69570","stop_gained","6024","1","26162207","A","C","1|1"
"5","AT1G69570","stop_gained","6091","1","26162207","A","C","1|1"
"5","AT1G69570","stop_gained","6104","1","26162207","A","C","1|1"
"5","AT1G69570","stop_gained","6131","1","26162207","A","C","1|1"
"5","AT1G69570","stop_gained","6150","1","26162207","A","C","1|1"
"5","AT1G69570","stop_gained","9405","1","26162207","A","C","1|1"
"6","AT2G23340","start_lost","765","2","9938188","G","A","1|1"
"7","AT2G23340","frameshift_variant","9762","2","9938688","A","AT","1|1"
"8","AT2G36270","stop_gained","9869","2","15205098","C","T","1|1"
"9","AT2G36270","stop_gained","9725","2","15205118","G","A","1|1"
"12","AT2G38470","stop_gained","7096","2","16109379","C","T","1|1"
"13","AT3G13810","start_lost","9133","3","4544958","G","A","1|1"
"13","AT3G13810","start_lost","9134","3","4544958","G","A","1|1"
"14","AT3G13810","splice_acceptor_variant","9879","3","4545191","A","G","1|1"
"15","AT3G21890","frameshift_variant","5741","3","7709319","CT","C","1|1"
"15","AT3G21890","frameshift_variant","7353","3","7709319","CT","C","1|1"
"17","AT3G24520","stop_gained","19949","3","8942403","G","T","1|1"
"17","AT3G24520","stop_gained","19950","3","8942403","G","T","1|1"
"17","AT3G24520","stop_gained","19951","3","8942403","G","T","1|1"
"20","AT3G50260","start_lost","9939","3","18634687","A","G","1|1"
"21","AT3G50260","stop_gained","9539","3","18634759","A","T","1|1"
"23","AT4G01250","stop_gained","9898","4","522878","C","T","1|1"
"24","AT4G25470","stop_lost","9684","4","13015438","A","T","1|1"
"24","AT4G25470","stop_lost","9685","4","13015438","A","T","1|1"
"24","AT4G25470","stop_lost","9686","4","13015438","A","T","1|1"
"24","AT4G25470","stop_lost","9687","4","13015438","A","T","1|1"
"25","AT4G25470","frameshift_variant","9513","4","13015578","TA","T","1|1"
"25","AT4G25470","frameshift_variant","9523","4","13015578","TA","T","1|1"
"25","AT4G25470","frameshift_variant","9544","4","13015578","TA","T","1|1"
"25","AT4G25470","frameshift_variant","9559","4","13015578","TA","T","1|1"
"25","AT4G25470","frameshift_variant","9579","4","13015578","TA","T","1|1"
"25","AT4G25470","frameshift_variant","9817","4","13015578","TA","T","1|1"
"25","AT4G25470","frameshift_variant","9831","4","13015578","TA","T","1|1"
"25","AT4G25470","frameshift_variant","9873","4","13015578","TA","T","1|1"
"26","AT4G25470","stop_gained","9850","4","13015699","C","A","1|1"
"27","AT4G25470","frameshift_variant","7183","4","13015716","A","AT","1|1"
"27","AT4G25470","frameshift_variant","8424","4","13015716","A","AT","1|1"
"27","AT4G25470","frameshift_variant","9745","4","13015716","A","AT","1|1"
"28","AT4G25470","frameshift_variant","9571","4","13015847","GA","G","1|1"
"28","AT4G25470","frameshift_variant","9823","4","13015847","GA","G","1|1"
"29","AT4G25470","stop_gained","9878","4","13015901","C","T","1|1"
"30","AT4G25470","stop_gained","9966","4","13016012","G","C","1|1"
"31","AT4G25470","stop_gained","9704","4","13016042","G","T","1|1"
"32","AT4G25480","stop_gained","6929","4","13018553","C","A","1|1"
"33","AT4G25480","frameshift_variant","9506","4","13018624","G","GA","1|1"
"34","AT4G25480","stop_gained","9069","4","13018644","G","T","1|1"
"34","AT4G25480","stop_gained","9070","4","13018644","G","T","1|1"
"34","AT4G25480","stop_gained","9078","4","13018644","G","T","1|1"
"34","AT4G25480","stop_gained","9081","4","13018644","G","T","1|1"
"34","AT4G25480","stop_gained","9091","4","13018644","G","T","1|1"
"34","AT4G25480","stop_gained","9672","4","13018644","G","T","1|1"
"35","AT4G25480","frameshift_variant","9559","4","13018757","C","CG","1|1"
"36","AT4G25480","frameshift_variant","9545","4","13018870","TCA","T","1|1"
"37","AT4G25480","frameshift_variant","9597","4","13018928","TA","T","1|1"
"37","AT4G25480","frameshift_variant","9601","4","13018928","TA","T","1|1"
"37","AT4G25480","frameshift_variant","9874","4","13018928","TA","T","1|1"
"37","AT4G25480","frameshift_variant","9903","4","13018928","TA","T","1|1"
"38","AT4G25480","stop_gained","9670","4","13018996","G","T","1|1"
"39","AT4G25490","frameshift_variant","6933","4","13022005","GC","G","1|1"
"39","AT4G25490","frameshift_variant","6970","4","13022005","GC","G","1|1"
"40","AT4G25490","stop_gained","9565","4","13022344","C","T","1|1"
"41","AT5G17300","frameshift_variant","9524","5","5690480","CT","C","1|1"
"41","AT5G17300","frameshift_variant","9536","5","5690480","CT","C","1|1"
"41","AT5G17300","frameshift_variant","9577","5","5690480","CT","C","1|1"
"41","AT5G17300","frameshift_variant","9950","5","5690480","CT","C","1|1"
"56","AT5G51990","frameshift_variant&start_lost&start_retained_variant","7316","5","21117786","A","AT","1|1"
"56","AT5G51990","frameshift_variant&start_lost&start_retained_variant","9089","5","21117786","A","AT","1|1"
"56","AT5G51990","frameshift_variant&start_lost&start_retained_variant","9100","5","21117786","A","AT","1|1"
"56","AT5G51990","frameshift_variant&start_lost&start_retained_variant","9646","5","21117786","A","AT","1|1"
"57","AT5G52660","stop_gained","9114","5","21361877","G","T","1|1"
"57","AT5G52660","stop_gained","9555","5","21361877","G","T","1|1"
"57","AT5G52660","stop_gained","9589","5","21361877","G","T","1|1"
"57","AT5G52660","stop_gained","9630","5","21361877","G","T","1|1"
"57","AT5G52660","stop_gained","9700","5","21361877","G","T","1|1"
"57","AT5G52660","stop_gained","9712","5","21361877","G","T","1|1"
"57","AT5G52660","stop_gained","9714","5","21361877","G","T","1|1"
"57","AT5G52660","stop_gained","9771","5","21361877","G","T","1|1"
"57","AT5G52660","stop_gained","9779","5","21361877","G","T","1|1"
"57","AT5G52660","stop_gained","9780","5","21361877","G","T","1|1"
"57","AT5G52660","stop_gained","9782","5","21361877","G","T","1|1"
"57","AT5G52660","stop_gained","9800","5","21361877","G","T","1|1"
"57","AT5G52660","stop_gained","9803","5","21361877","G","T","1|1"
"57","AT5G52660","stop_gained","9804","5","21361877","G","T","1|1"
"57","AT5G52660","stop_gained","9819","5","21361877","G","T","1|1"
"57","AT5G52660","stop_gained","9832","5","21361877","G","T","1|1"
"57","AT5G52660","stop_gained","9833","5","21361877","G","T","1|1"
"57","AT5G52660","stop_gained","9845","5","21361877","G","T","1|1"
"57","AT5G52660","stop_gained","9856","5","21361877","G","T","1|1"
