TF Name,TAIR ID,Type of TF regulation,TF Target Name,Target TAIR ID,Target type of TF regulation
HB24,AT2G18350,US,REM19,AT1G49480,DS
HB24,AT2G18350,US,GT2,AT1G76890,DS
DIV1,AT5G58900,US,REM19,AT1G49480,DS
DIV1,AT5G58900,US,GT2,AT1G76890,DS
AT1G74840,AT1G74840,US,MYBS1,AT1G49010,DA
HB24,AT2G18350,US,AT1G19000,AT1G19000,DA
HB24,AT2G18350,US,KUA1,AT5G47390,DA
DIV1,AT5G58900,US,AT1G19000,AT1G19000,DA
DIV1,AT5G58900,US,MYBS1,AT1G49010,DA
DIV1,AT5G58900,US,KUA1,AT5G47390,DA
LHY1,AT1G01060,UA,HB24,AT2G18350,US
LHY1,AT1G01060,UA,IDD11,AT3G13810,US
LHY1,AT1G01060,UA,IDD2,AT3G50700,US
CDF5,AT1G69570,UA,IDD11,AT3G13810,US
CDF5,AT1G69570,UA,DIV1,AT5G58900,US
DEAR3,AT2G23340,UA,DIV1,AT5G58900,US
NAC47,AT3G04070,UA,IDD2,AT3G50700,US
BBX31,AT3G21890,UA,IDD11,AT3G13810,US
CDF3,AT3G47500,UA,IDD11,AT3G13810,US
CDF3,AT3G47500,UA,DIV1,AT5G58900,US
CEJ1,AT3G50260,UA,IDD11,AT3G13810,US
CEJ1,AT3G50260,UA,DIV1,AT5G58900,US
CBF2,AT4G25470,UA,AT1G74840,AT1G74840,US
CBF2,AT4G25470,UA,IDD11,AT3G13810,US
CBF2,AT4G25470,UA,IDD2,AT3G50700,US
CBF3,AT4G25480,UA,AT1G74840,AT1G74840,US
CBF3,AT4G25480,UA,IDD11,AT3G13810,US
CBF1,AT4G25490,UA,AT1G74840,AT1G74840,US
CBF1,AT4G25490,UA,IDD11,AT3G13810,US
CBF1,AT4G25490,UA,IDD2,AT3G50700,US
RVE1,AT5G17300,UA,HB24,AT2G18350,US
RVE1,AT5G17300,UA,IDD2,AT3G50700,US
RVE6,AT5G52660,UA,AT1G74840,AT1G74840,US
RVE6,AT5G52660,UA,HB24,AT2G18350,US
RVE6,AT5G52660,UA,IDD11,AT3G13810,US
RVE6,AT5G52660,UA,IDD2,AT3G50700,US
LHY1,AT1G01060,UA,DEAR3,AT2G23340,UA
LHY1,AT1G01060,UA,ERF38,AT2G35700,UA
LHY1,AT1G01060,UA,ERF34,AT2G44940,UA
LHY1,AT1G01060,UA,NAC47,AT3G04070,UA
LHY1,AT1G01060,UA,BBX31,AT3G21890,UA
LHY1,AT1G01060,UA,CEJ1,AT3G50260,UA
LHY1,AT1G01060,UA,CBF2,AT4G25470,UA
LHY1,AT1G01060,UA,CBF3,AT4G25480,UA
LHY1,AT1G01060,UA,CBF1,AT4G25490,UA
LHY1,AT1G01060,UA,ERF43,AT4G32800,UA
LHY1,AT1G01060,UA,RVE1,AT5G17300,UA
LHY1,AT1G01060,UA,RVE6,AT5G52660,UA
RAP2.1,AT1G46768,UA,CEJ1,AT3G50260,UA
CDF5,AT1G69570,UA,CDF5,AT1G69570,UA
CDF5,AT1G69570,UA,NAC47,AT3G04070,UA
CDF5,AT1G69570,UA,CDF3,AT3G47500,UA
DEAR3,AT2G23340,UA,DEAR3,AT2G23340,UA
DEAR3,AT2G23340,UA,ERF38,AT2G35700,UA
DEAR3,AT2G23340,UA,CEJ1,AT3G50260,UA
DEAR3,AT2G23340,UA,ERF43,AT4G32800,UA
ERF38,AT2G35700,UA,CEJ1,AT3G50260,UA
ERF34,AT2G44940,UA,CEJ1,AT3G50260,UA
NAC47,AT3G04070,UA,CDF5,AT1G69570,UA
NAC47,AT3G04070,UA,ERF38,AT2G35700,UA
HSFC1,AT3G24520,UA,RAP2.1,AT1G46768,UA
CDF3,AT3G47500,UA,CDF5,AT1G69570,UA
CDF3,AT3G47500,UA,NAC47,AT3G04070,UA
CDF3,AT3G47500,UA,HSFC1,AT3G24520,UA
CDF3,AT3G47500,UA,CDF3,AT3G47500,UA
CDF3,AT3G47500,UA,RVE6,AT5G52660,UA
CEJ1,AT3G50260,UA,DEAR3,AT2G23340,UA
CEJ1,AT3G50260,UA,ERF38,AT2G35700,UA
CEJ1,AT3G50260,UA,CEJ1,AT3G50260,UA
CBF2,AT4G25470,UA,DEAR3,AT2G23340,UA
CBF2,AT4G25470,UA,ERF38,AT2G35700,UA
CBF2,AT4G25470,UA,ERF34,AT2G44940,UA
CBF2,AT4G25470,UA,CEJ1,AT3G50260,UA
CBF2,AT4G25470,UA,ERF43,AT4G32800,UA
CBF2,AT4G25470,UA,RVE6,AT5G52660,UA
CBF3,AT4G25480,UA,DEAR3,AT2G23340,UA
CBF3,AT4G25480,UA,ERF38,AT2G35700,UA
CBF3,AT4G25480,UA,ERF34,AT2G44940,UA
CBF3,AT4G25480,UA,BBX31,AT3G21890,UA
CBF3,AT4G25480,UA,CEJ1,AT3G50260,UA
CBF3,AT4G25480,UA,CBF2,AT4G25470,UA
CBF3,AT4G25480,UA,CBF1,AT4G25490,UA
CBF3,AT4G25480,UA,ERF43,AT4G32800,UA
CBF3,AT4G25480,UA,RVE6,AT5G52660,UA
CBF1,AT4G25490,UA,DEAR3,AT2G23340,UA
CBF1,AT4G25490,UA,ERF38,AT2G35700,UA
CBF1,AT4G25490,UA,ERF34,AT2G44940,UA
CBF1,AT4G25490,UA,CEJ1,AT3G50260,UA
CBF1,AT4G25490,UA,ERF43,AT4G32800,UA
CBF1,AT4G25490,UA,RVE6,AT5G52660,UA
ERF43,AT4G32800,UA,DEAR3,AT2G23340,UA
RVE1,AT5G17300,UA,LHY1,AT1G01060,UA
RVE1,AT5G17300,UA,DEAR3,AT2G23340,UA
RVE1,AT5G17300,UA,ERF38,AT2G35700,UA
RVE1,AT5G17300,UA,NAC47,AT3G04070,UA
RVE1,AT5G17300,UA,BBX31,AT3G21890,UA
RVE1,AT5G17300,UA,CEJ1,AT3G50260,UA
RVE1,AT5G17300,UA,CBF2,AT4G25470,UA
RVE1,AT5G17300,UA,CBF3,AT4G25480,UA
RVE1,AT5G17300,UA,CBF1,AT4G25490,UA
RVE1,AT5G17300,UA,ERF43,AT4G32800,UA
RVE1,AT5G17300,UA,RVE1,AT5G17300,UA
RVE1,AT5G17300,UA,RVE6,AT5G52660,UA
RVE6,AT5G52660,UA,LHY1,AT1G01060,UA
RVE6,AT5G52660,UA,DEAR3,AT2G23340,UA
RVE6,AT5G52660,UA,ERF38,AT2G35700,UA
RVE6,AT5G52660,UA,NAC47,AT3G04070,UA
RVE6,AT5G52660,UA,BBX31,AT3G21890,UA
RVE6,AT5G52660,UA,CEJ1,AT3G50260,UA
RVE6,AT5G52660,UA,CBF2,AT4G25470,UA
RVE6,AT5G52660,UA,CBF3,AT4G25480,UA
RVE6,AT5G52660,UA,CBF1,AT4G25490,UA
RVE6,AT5G52660,UA,ERF43,AT4G32800,UA
RVE6,AT5G52660,UA,RVE1,AT5G17300,UA
REM19,AT1G49480,DS,AT1G74840,AT1G74840,US
REM19,AT1G49480,DS,HB24,AT2G18350,US
REM19,AT1G49480,DS,IDD11,AT3G13810,US
REM19,AT1G49480,DS,IDD2,AT3G50700,US
REM19,AT1G49480,DS,DIV1,AT5G58900,US
GT2,AT1G76890,DS,IDD11,AT3G13810,US
GT2,AT1G76890,DS,IDD2,AT3G50700,US
GT2,AT1G76890,DS,DIV1,AT5G58900,US
REM19,AT1G49480,DS,RAP2.1,AT1G46768,UA
REM19,AT1G49480,DS,CDF5,AT1G69570,UA
REM19,AT1G49480,DS,DEAR3,AT2G23340,UA
REM19,AT1G49480,DS,ERF34,AT2G44940,UA
REM19,AT1G49480,DS,NAC47,AT3G04070,UA
REM19,AT1G49480,DS,BBX31,AT3G21890,UA
REM19,AT1G49480,DS,HSFC1,AT3G24520,UA
REM19,AT1G49480,DS,CDF3,AT3G47500,UA
REM19,AT1G49480,DS,CEJ1,AT3G50260,UA
REM19,AT1G49480,DS,CBF2,AT4G25470,UA
REM19,AT1G49480,DS,CBF3,AT4G25480,UA
REM19,AT1G49480,DS,CBF1,AT4G25490,UA
REM19,AT1G49480,DS,ERF43,AT4G32800,UA
REM19,AT1G49480,DS,RVE6,AT5G52660,UA
GT2,AT1G76890,DS,DEAR3,AT2G23340,UA
GT2,AT1G76890,DS,ERF38,AT2G35700,UA
GT2,AT1G76890,DS,ERF34,AT2G44940,UA
GT2,AT1G76890,DS,CDF3,AT3G47500,UA
AT1G19000,AT1G19000,DA,REM19,AT1G49480,DS
AT1G19000,AT1G19000,DA,MYBS1,AT1G49010,DA
AT1G19000,AT1G19000,DA,KUA1,AT5G47390,DA
MYBS1,AT1G49010,DA,MYBS1,AT1G49010,DA
MYBS1,AT1G49010,DA,KUA1,AT5G47390,DA
KUA1,AT5G47390,DA,KUA1,AT5G47390,DA
